type,takentime
light blue,6
leaf green,12
green,10
brown,13
darkblue,5
green,11
orange,9
darkblue,5
light green,16
red,7
darkblue,10
darkblue,6
darkblue,10
orange,19
light blue,6
green,15
green,22
orange,19
orange,19
blue,20
orange,23
light blue,18
orange,23
black,6
brown,13
light blue,26
yellow,21
light blue,16
blue,18
light blue,6
magenta,16
leaf green,12
light blue,21
light blue,6
orange,16
light blue,6
light blue,14
magenta,17
darkblue,5
yellow,14
green,19
green,20
green,30
green,9
darkblue,10
blue,18
green,24
green,20
leaf green,17
green,20
darkblue,5
green,17
green,14
leaf green,12
light green,20
green,11
black,6
leaf green,11
orange,20
green,11
light blue,28
magenta,17
yellow,22
orange,18
magenta,16
orange,15
yellow,24
orange,19
blue,25
orange,16
yellow,27
black,6
yellow,14
light blue,6
leaf green,12
orange,14
light blue,6
orange,16
yellow,14
darkblue,5
green,21
brown,14
green,22
green,21
green,14
green,13
green,21
red,6
green,23
yellow,14
green,30
green,22
magenta,16
green,23
green,12
yellow,19
orange,9
green,12
coral,10
orange,24
orange,10
yellow,17
cyan,10
orange,21
blue,36
orange,20
light blue,14
blue,28
orange,22
blue,18
light blue,23
brown,31
orange,20
leaf green,12
magenta,16
darkblue,10
brown,13
green,35
green,19
green,12
lavender,18
green,23
orange,20
green,30
green,26
orange,20
green,24
green,16
black,18
light green,15
green,13
leaf green,12
leaf green,12
light green,20
leaf green,13
light green,15
light blue,27
green,25
light blue,6
green,10
light green,15
light blue,14
magenta,17
light blue,24
orange,25
blue,32
light blue,22
orange,13
light blue,22
orange,25
yellow,29
orange,24
yellow,14
light blue,14
darkblue,5
light blue,33
yellow,41
light blue,6
blue,40
darkblue,10
magenta,22
yellow,30
leaf green,10
green,21
blue,23
green,25
black,18
green,25
light blue,6
green,21
green,18
yellow,14
green,18
light blue,14
green,29
orange,18
green,22
leaf green,20
green,22
green,15
green,28
green,13
light blue,6
darkblue,5
green,10
light blue,34
orange,22
green,9
darkblue,10
orange,17
light blue,6
magenta,17
yellow,14
brown,13
orange,15
light blue,30
blue,32
light blue,6
blue,32
orange,22
light blue,6
orange,23
blue,30
orange,23
blue,29
light blue,6
orange,18
blue,20
orange,10
green,36
darkblue,21
green,23
green,29
black,6
green,13
light green,15
leaf green,12
magenta,17
blue,18
green,29
orange,9
green,26
green,15
black,6
green,13
green,13
brown,13
light green,20
green,25
green,12
leaf green,12
brown,14
darkblue,5
light blue,26
magenta,16
light blue,27
blue,18
leaf green,12
light blue,25
darkblue,5
light blue,33
darkblue,6
light blue,18
leaf green,12
magenta,17
light green,33
blue,30
light blue,41
magenta,17
orange,19
light blue,27
darkblue,6
orange,18
darkblue,5
orange,18
darkblue,5
green,22
orange,20
green,17
green,21
magenta,17
green,19
lavender,11
green,8
light blue,14
green,20
green,13
green,13
leaf green,12
green,20
orange,22
green,11
light green,15
orange,22
light blue,35
light blue,30
orange,18
darkblue,10
light blue,23
darkblue,5
orange,12
light blue,6
orange,21
light blue,25
blue,18
orange,17
light blue,32
orange,13
light blue,26
blue,19
orange,15
light blue,19
blue,29
light blue,6
orange,14
brown,13
light blue,6
yellow,14
orange,19
light blue,6
yellow,18
orange,18
magenta,17
leaf green,12
green,15
red,25
orange,19
green,8
darkblue,5
leaf green,18
darkblue,6
green,16
light blue,32
orange,23
magenta,16
orange,22
light blue,29
brown,13
magenta,16
blue,18
orange,18
blue,39
orange,23
brown,13
light blue,21
orange,30
orange,23
blue,18
orange,22
magenta,17
yellow,22
yellow,14
blue,18
light blue,20
magenta,16
green,35
light blue,6
green,16
green,15
leaf green,12
darkblue,5
green,14
lavender,26
green,22
light blue,14
darkblue,5
green,34
green,42
green,37
green,17
brown,14
light green,15
yellow,17
brown,14
magenta,18
light blue,33
light blue,32
magenta,17
light blue,29
light blue,22
darkblue,5
brown,13
blue,19
brown,31
light blue,6
brown,29
magenta,18
green,13
light green,23
light green,15
green,26
black,6
green,31
green,54
coral,12
green,31
darkblue,5
green,25
brown,13
green,21
coral,10
green,20
green,18
green,18
blue,19
light blue,29
magenta,16
leaf green,28
orange,54
leaf green,21
darkblue,5
light blue,31
orange,44
yellow,14
orange,55
brown,13
orange,53
darkblue,5
orange,46
yellow,14
darkblue,10
orange,57
black,32
magenta,39
brown,13
leaf green,24
green,60
black,6
green,48
yellow,17
green,26
green,45
green,30
orange,21
green,19
orange,48
green,19
coral,12
green,15
orange,44
orange,51
green,38
orange,50
orange,50
green,31
orange,44
red,7
light blue,36
leaf green,19
darkblue,10
light green,15
light blue,33
leaf green,15
light blue,15
blue,31
light blue,6
yellow,14
light blue,21
light blue,6
orange,54
light green,15
blue,19
orange,56
light blue,6
orange,46
cyan,38
orange,35
orange,50
light blue,6
yellow,23
green,33
orange,51
light blue,6
leaf green,18
green,31
orange,18
green,44
leaf green,17
green,47
orange,49
green,25
leaf green,11
orange,46
green,43
magenta,17
coral,20
green,22
orange,20
green,35
magenta,17
green,49
orange,31
green,35
light green,15
orange,40
lavender,13
green,20
light green,15
green,14
cyan,12
orange,36
green,32
orange,28
orange,28
orange,21
light blue,38
orange,44
leaf green,12
yellow,31
coral,14
orange,25
light blue,6
yellow,41
orange,10
darkblue,12
orange,51
black,6
orange,23
light blue,6
orange,49
orange,20
blue,41
darkblue,10
orange,32
yellow,28
orange,20
leaf green,12
orange,29
orange,18
light green,38
blue,18
darkblue,5
yellow,20
magenta,17
green,24
light blue,19
green,25
yellow,17
green,16
black,6
green,15
green,32
darkblue,10
light blue,6
green,23
green,17
green,16
green,16
orange,19
darkblue,5
green,17
darkblue,6
light blue,26
yellow,14
green,20
magenta,17
leaf green,12
light green,15
orange,12
black,6
orange,24
blue,27
orange,40
brown,13
orange,37
blue,24
leaf green,12
darkblue,5
yellow,42
orange,14
yellow,42
orange,15
darkblue,10
orange,13
magenta,27
yellow,14
yellow,39
yellow,23
orange,18
leaf green,12
green,15
orange,18
green,29
red,18
green,11
green,30
lavender,13
green,30
green,25
magenta,17
green,19
coral,10
leaf green,11
orange,9
magenta,17
blue,18
brown,14
light blue,6
green,10
light blue,33
black,23
magenta,17
light blue,32
light blue,6
darkblue,9
light green,20
light blue,20
orange,17
red,7
light blue,40
orange,14
yellow,23
orange,11
orange,16
light blue,6
light blue,6
orange,11
light blue,6
brown,19
orange,24
orange,21
brown,13
green,22
orange,20
green,21
green,25
orange,17
leaf green,12
cyan,27
green,8
orange,18
green,39
light blue,6
light green,15
green,22
green,34
darkblue,5
leaf green,12
green,22
green,15
green,16
orange,36
green,15
brown,14
orange,10
light blue,23
brown,13
orange,14
light blue,21
magenta,17
cyan,10
light blue,21
black,6
light blue,22
orange,25
light green,15
magenta,16
yellow,42
darkblue,5
brown,13
blue,18
light blue,14
yellow,20
green,36
leaf green,10
orange,20
green,30
orange,20
brown,13
green,20
light blue,14
green,28
green,28
blue,18
light blue,14
orange,18
green,22
green,25
orange,18
green,22
green,26
light blue,6
yellow,14
green,16
magenta,17
orange,15
green,22
green,20
orange,25
light blue,14
green,9
light blue,35
green,10
light blue,6
green,14
red,6
light blue,25
orange,21
blue,18
leaf green,12
orange,20
brown,13
leaf green,12
orange,21
black,13
magenta,26
black,25
blue,21
green,24
light blue,6
green,24
green,22
green,21
light blue,6
green,31
black,6
green,26
darkblue,11
green,21
green,30
green,15
green,12
light green,20
light blue,14
light blue,26
orange,9
orange,17
yellow,30
darkblue,9
light blue,25
darkblue,12
light blue,27
light blue,6
yellow,28
light blue,25
orange,23
light blue,27
light blue,7
orange,24
darkblue,5
brown,20
black,12
magenta,17
red,7
green,37
green,31
red,10
light blue,16
green,35
red,7
darkblue,5
green,24
darkblue,11
light blue,16
green,23
brown,13
orange,23
green,21
leaf green,12
orange,23
green,16
green,17
cyan,26
green,16
light green,15
cyan,31
light blue,33
darkblue,5
light blue,34
leaf green,11
orange,27
light blue,6
orange,34
light blue,45
orange,32
orange,29
light blue,44
blue,29
light blue,6
light green,15
yellow,24
red,6
brown,13
leaf green,10
orange,22
light blue,14
blue,32
orange,22
light blue,30
yellow,14
brown,45
orange,22
light blue,19
orange,20
magenta,17
black,6
light blue,15
orange,22
green,20
light blue,16
orange,11
green,21
orange,12
green,27
red,47
green,17
brown,14
light blue,14
red,30
green,27
light green,16
leaf green,12
green,52
magenta,37
light blue,6
green,13
green,12
green,13
green,10
light blue,24
light green,15
darkblue,6
light blue,22
red,10
yellow,14
light blue,20
red,7
light blue,6
light blue,21
orange,17
light blue,6
light blue,27
light blue,6
magenta,17
yellow,17
orange,22
leaf green,12
light blue,14
light blue,6
light green,15
green,23
brown,19
green,22
green,21
orange,11
green,15
green,27
brown,14
coral,32
green,27
light green,15
light blue,14
darkblue,5
green,21
green,18
black,13
leaf green,22
light blue,6
green,16
green,12
orange,35
green,11
leaf green,12
orange,20
red,7
leaf green,12
darkblue,11
yellow,38
light blue,34
orange,21
black,6
light blue,20
blue,23
orange,29
light blue,19
leaf green,12
blue,24
light blue,17
blue,18
black,6
darkblue,39
yellow,14
light blue,14
green,22
green,27
black,18
green,25
green,16
cyan,14
green,21
brown,13
green,22
leaf green,12
cyan,14
green,24
orange,15
magenta,16
green,34
leaf green,12
magenta,17
green,18
leaf green,22
leaf green,12
black,13
orange,25
green,14
black,6
light blue,36
blue,18
brown,13
darkblue,10
light blue,29
darkblue,5
cyan,20
darkblue,5
light blue,27
orange,16
black,6
light blue,19
yellow,17
yellow,14
blue,18
orange,24
blue,25
orange,21
leaf green,12
orange,15
magenta,17
leaf green,12
green,20
green,26
black,6
green,22
leaf green,13
green,12
green,27
black,6
green,23
green,18
black,6
green,21
yellow,14
green,14
green,14
darkblue,5
green,18
orange,25
orange,14
light blue,31
green,14
yellow,19
orange,13
light blue,14
blue,18
light blue,28
light blue,6
orange,24
orange,26
light blue,16
blue,35
orange,21
light blue,29
yellow,14
orange,19
magenta,16
yellow,31
orange,18
darkblue,10
blue,18
light green,15
darkblue,5
green,22
green,18
green,14
black,6
red,23
green,12
orange,20
green,31
coral,9
green,35
light green,15
green,24
cyan,15
green,23
brown,13
orange,18
green,17
brown,19
green,21
darkblue,5
green,8
light blue,14
orange,18
brown,19
orange,23
darkblue,10
darkblue,6
light blue,28
blue,32
light blue,6
orange,14
yellow,31
light blue,22
light green,20
black,7
light green,24
darkblue,10
leaf green,12
